Observed (O),,,,,,,,,,Expected (E),,,,,,,,,,(0-E)^2/E,,,,,,,
,Two or More Races,White,Black or African American,American Indian and Alaska Native,Asian,Native Hawaiian and Other Pacific Islander,Other Race,,,,Two or More Races,White,Black or African American,American Indian and Alaska Native,Asian,Native Hawaiian and Other Pacific Islander,Other Race,,,,Two or More Races,White,Black or African American,American Indian and Alaska Native,Asian,Native Hawaiian and Other Pacific Islander,Other Race
Not Underserved,4736896,12471946,1647942,324020,4418251,100298,5167129,28866482,,NotUnderserved,4715641.974,12687219.67,1595787.163,327425.0005,4412750.155,108690.4988,5018967.534,28866482,,Not Underserved,95.79471972,3652.711641,1704.567574,35.40972286,6.857241239,648.0238592,4373.772097
Underserved,1666742,4756750,519068,120609,1574073,47299,1648412,10332953,,Underserved,1687996.026,4541476.325,571222.8373,117203.9995,1579573.845,38906.50118,1796573.466,10332953,,Underserved,267.6153228,10204.33702,4761.936804,98.92178235,19.15661775,1810.341058,12218.71555
,6403638,17228696,2167010,444629,5992324,147597,6815541,39199435,,,6403638,17228696,2167010,444629,5992324,147597,6815541,39199435,,,,,,,,,
,,,,,,,,,,,,,,,,,,,,,,,,,,,
,,,,,,,,,,,,,,,,,,,,x^2,39898.16101,,,,,,
,,,,,,,,,,,,,,,,,,,,df,6,,,,,,
,,,,,,,,,,,,,,,,,,,,p-value,0,,,,,,
,,,,,,,,,,,,,,,,,,,,,0,,,,,,