,Not Hispanic,Hispanic,
Served,17130657,11735825,28866482
Underserved (0),6451746,3881207,10332953
,23582403,15617032,39199435
,,,
,0.59344457,0.40655543,
,0.624385498,0.375614502,